Workbook

Sheet Sheet1
A1: Country | B1: Average speed | C1: Broadband
A2: Australia | B2: 100 | C2: =VLOOKUP($A2,Sheet2!$A$2:$B$102,2,FALSE) -> 77.88
A3: Canada | B3: 59.6 | C3: =VLOOKUP($A3,Sheet2!$A$2:$B$102,2,FALSE) -> 175.61
A4: South Korea | B4: 59 | C4: =VLOOKUP($A4,Sheet2!$A$2:$B$102,2,FALSE) -> 241.58
A5: Netherlands | B5: 54.8 | C5: =VLOOKUP($A5,Sheet2!$A$2:$B$102,2,FALSE) -> 152.94
A6: Japan | B6: 51.4 | C6: =VLOOKUP($A6,Sheet2!$A$2:$B$102,2,FALSE) -> 167.18
A7: Norway | B7: 48.8 | C7: =VLOOKUP($A7,Sheet2!$A$2:$B$102,2,FALSE) -> 159.99
A8: Singapore | B8: 47.5 | C8: =VLOOKUP($A8,Sheet2!$A$2:$B$102,2,FALSE) -> 245.5
A9: Switzerland | B9: 42.8 | C9: =VLOOKUP($A9,Sheet2!$A$2:$B$102,2,FALSE) -> 188.69
A10: Belgium | B10: 37.6 | C10: =VLOOKUP($A10,Sheet2!$A$2:$B$102,2,FALSE) -> 107.12
A11: Croatia | B11: 36.6 | C11: =VLOOKUP($A11,Sheet2!$A$2:$B$102,2,FALSE) -> 57.3
A12: New Zealand | B12: 35.2 | C12: =VLOOKUP($A12,Sheet2!$A$2:$B$102,2,FALSE) -> 153.88
A13: Austria | B13: 34.6 | C13: =VLOOKUP($A13,Sheet2!$A$2:$B$102,2,FALSE) -> 117.31
... A101: Iraq | B101: 1.6 | C101: =VLOOKUP($A101,Sheet2!$A$2:$B$102,2,FALSE) -> #N/A
A102: Angola | C102: =VLOOKUP($A102,Sheet2!$A$2:$B$102,2,FALSE) -> #N/A
A103: Armenia | C103: =VLOOKUP($A103,Sheet2!$A$2:$B$102,2,FALSE) -> #N/A
A104: Bahamas | C104: =VLOOKUP($A104,Sheet2!$A$2:$B$102,2,FALSE) -> 55.99
A105: Bosnia and Herzegovina | C105: =VLOOKUP($A105,Sheet2!$A$2:$B$102,2,FALSE) -> 44.85
A106: Botswana | C106: =VLOOKUP($A106,Sheet2!$A$2:$B$102,2,FALSE) -> #N/A
A107: Bulgaria | C107: =VLOOKUP($A107,Sheet2!$A$2:$B$102,2,FALSE) -> 78.84
A108: China | C108: =VLOOKUP($A108,Sheet2!$A$2:$B$102,2,FALSE) -> 172.95
A109: Cuba | C109: =VLOOKUP($A109,Sheet2!$A$2:$B$102,2,FALSE) -> #N/A
A110: Cyprus | C110: =VLOOKUP($A110,Sheet2!$A$2:$B$102,2,FALSE) -> 50.46
A111: DR Congo | C111: =VLOOKUP($A111,Sheet2!$A$2:$B$102,2,FALSE) -> #N/A
A112: Estonia | C112: =VLOOKUP($A112,Sheet2!$A$2:$B$102,2,FALSE) -> 78.58
A113: Ethiopia | C113: =VLOOKUP($A113,Sheet2!$A$2:$B$102,2,FALSE) -> #N/A
... A144: Zimbabwe | C144: =VLOOKUP($A144,Sheet2!$A$2:$B$102,2,FALSE) -> #N/A

Sheet Clean
A1: Country | B1: Mobile average speed | C1: Broadband average speed
A2: Australia | B2: 100 | C2: =VLOOKUP($A2,Sheet2!$A$2:$B$102,2,FALSE) -> 77.88
A3: Canada | B3: 59.6 | C3: =VLOOKUP($A3,Sheet2!$A$2:$B$102,2,FALSE) -> 175.61
A4: South Korea | B4: 59 | C4: =VLOOKUP($A4,Sheet2!$A$2:$B$102,2,FALSE) -> 241.58
A5: Netherlands | B5: 54.8 | C5: =VLOOKUP($A5,Sheet2!$A$2:$B$102,2,FALSE) -> 152.94
A6: Japan | B6: 51.4 | C6: =VLOOKUP($A6,Sheet2!$A$2:$B$102,2,FALSE) -> 167.18
A7: Norway | B7: 48.8 | C7: =VLOOKUP($A7,Sheet2!$A$2:$B$102,2,FALSE) -> 159.99
A8: Singapore | B8: 47.5 | C8: =VLOOKUP($A8,Sheet2!$A$2:$B$102,2,FALSE) -> 245.5
A9: Switzerland | B9: 42.8 | C9: =VLOOKUP($A9,Sheet2!$A$2:$B$102,2,FALSE) -> 188.69
A10: Belgium | B10: 37.6 | C10: =VLOOKUP($A10,Sheet2!$A$2:$B$102,2,FALSE) -> 107.12
A11: Croatia | B11: 36.6 | C11: =VLOOKUP($A11,Sheet2!$A$2:$B$102,2,FALSE) -> 57.3
A12: New Zealand | B12: 35.2 | C12: =VLOOKUP($A12,Sheet2!$A$2:$B$102,2,FALSE) -> 153.88
A13: Austria | B13: 34.6 | C13: =VLOOKUP($A13,Sheet2!$A$2:$B$102,2,FALSE) -> 117.31
... A73: Uzbekistan | B73: 6.2 | C73: =VLOOKUP($A73,Sheet2!$A$2:$B$102,2,FALSE) -> 39.2

Sheet Sheet2
A1: Country | B1: Average broadband speed
A2: Albania | B2: 45.25
A3: Andorra | B3: 191.23
A4: Argentina | B4: 51.51
A5: Australia | B5: 77.88
A6: Austria | B6: 117.31
A7: Bahamas | B7: 55.99
A8: Bahrain | B8: 58.53
A9: Bangladesh | B9: 36.02
A10: Barbados | B10: 105.71
A11: Belarus | B11: 68.73
A12: Belgium | B12: 107.12
A13: Belize | B13: 49.44
... A102: Vietnam | B102: 66.38
